dataset,rule,a,source,output
mk01,max,1.5,experiments/prepared_instances/mk01/a=1.5-2/mk01/seed_102.json,experiments/prepared_instances/fixed_due_15datasets/mk01/due=max_a=1.5/mk01/seed_102.json
mk01,max,2.0,experiments/prepared_instances/mk01/a=1.5-2/mk01/seed_102.json,experiments/prepared_instances/fixed_due_15datasets/mk01/due=max_a=2.0/mk01/seed_102.json
mk01,max,2.5,experiments/prepared_instances/mk01/a=1.5-2/mk01/seed_102.json,experiments/prepared_instances/fixed_due_15datasets/mk01/due=max_a=2.5/mk01/seed_102.json
mk01,max,3.0,experiments/prepared_instances/mk01/a=1.5-2/mk01/seed_102.json,experiments/prepared_instances/fixed_due_15datasets/mk01/due=max_a=3.0/mk01/seed_102.json
mk01,min,1.5,experiments/prepared_instances/mk01/a=1.5-2/mk01/seed_102.json,experiments/prepared_instances/fixed_due_15datasets/mk01/due=min_a=1.5/mk01/seed_102.json
mk01,min,2.0,experiments/prepared_instances/mk01/a=1.5-2/mk01/seed_102.json,experiments/prepared_instances/fixed_due_15datasets/mk01/due=min_a=2.0/mk01/seed_102.json
mk01,min,2.5,experiments/prepared_instances/mk01/a=1.5-2/mk01/seed_102.json,experiments/prepared_instances/fixed_due_15datasets/mk01/due=min_a=2.5/mk01/seed_102.json
mk01,min,3.0,experiments/prepared_instances/mk01/a=1.5-2/mk01/seed_102.json,experiments/prepared_instances/fixed_due_15datasets/mk01/due=min_a=3.0/mk01/seed_102.json
mk01,avg,1.5,experiments/prepared_instances/mk01/a=1.5-2/mk01/seed_102.json,experiments/prepared_instances/fixed_due_15datasets/mk01/due=avg_a=1.5/mk01/seed_102.json
mk01,avg,2.0,experiments/prepared_instances/mk01/a=1.5-2/mk01/seed_102.json,experiments/prepared_instances/fixed_due_15datasets/mk01/due=avg_a=2.0/mk01/seed_102.json
mk01,avg,2.5,experiments/prepared_instances/mk01/a=1.5-2/mk01/seed_102.json,experiments/prepared_instances/fixed_due_15datasets/mk01/due=avg_a=2.5/mk01/seed_102.json
mk01,avg,3.0,experiments/prepared_instances/mk01/a=1.5-2/mk01/seed_102.json,experiments/prepared_instances/fixed_due_15datasets/mk01/due=avg_a=3.0/mk01/seed_102.json
mk02,max,1.5,experiments/prepared_instances/mk02/a=0.7-1.2/mk02/seed_102.json,experiments/prepared_instances/fixed_due_15datasets/mk02/due=max_a=1.5/mk02/seed_102.json
mk02,max,2.0,experiments/prepared_instances/mk02/a=0.7-1.2/mk02/seed_102.json,experiments/prepared_instances/fixed_due_15datasets/mk02/due=max_a=2.0/mk02/seed_102.json
mk02,max,2.5,experiments/prepared_instances/mk02/a=0.7-1.2/mk02/seed_102.json,experiments/prepared_instances/fixed_due_15datasets/mk02/due=max_a=2.5/mk02/seed_102.json
mk02,max,3.0,experiments/prepared_instances/mk02/a=0.7-1.2/mk02/seed_102.json,experiments/prepared_instances/fixed_due_15datasets/mk02/due=max_a=3.0/mk02/seed_102.json
mk02,min,1.5,experiments/prepared_instances/mk02/a=0.7-1.2/mk02/seed_102.json,experiments/prepared_instances/fixed_due_15datasets/mk02/due=min_a=1.5/mk02/seed_102.json
mk02,min,2.0,experiments/prepared_instances/mk02/a=0.7-1.2/mk02/seed_102.json,experiments/prepared_instances/fixed_due_15datasets/mk02/due=min_a=2.0/mk02/seed_102.json
mk02,min,2.5,experiments/prepared_instances/mk02/a=0.7-1.2/mk02/seed_102.json,experiments/prepared_instances/fixed_due_15datasets/mk02/due=min_a=2.5/mk02/seed_102.json
mk02,min,3.0,experiments/prepared_instances/mk02/a=0.7-1.2/mk02/seed_102.json,experiments/prepared_instances/fixed_due_15datasets/mk02/due=min_a=3.0/mk02/seed_102.json
mk02,avg,1.5,experiments/prepared_instances/mk02/a=0.7-1.2/mk02/seed_102.json,experiments/prepared_instances/fixed_due_15datasets/mk02/due=avg_a=1.5/mk02/seed_102.json
mk02,avg,2.0,experiments/prepared_instances/mk02/a=0.7-1.2/mk02/seed_102.json,experiments/prepared_instances/fixed_due_15datasets/mk02/due=avg_a=2.0/mk02/seed_102.json
mk02,avg,2.5,experiments/prepared_instances/mk02/a=0.7-1.2/mk02/seed_102.json,experiments/prepared_instances/fixed_due_15datasets/mk02/due=avg_a=2.5/mk02/seed_102.json
mk02,avg,3.0,experiments/prepared_instances/mk02/a=0.7-1.2/mk02/seed_102.json,experiments/prepared_instances/fixed_due_15datasets/mk02/due=avg_a=3.0/mk02/seed_102.json
mk03,max,1.5,experiments/prepared_instances/mk03/a=1-1.5/mk03/seed_9.json,experiments/prepared_instances/fixed_due_15datasets/mk03/due=max_a=1.5/mk03/seed_102.json
mk03,max,2.0,experiments/prepared_instances/mk03/a=1-1.5/mk03/seed_9.json,experiments/prepared_instances/fixed_due_15datasets/mk03/due=max_a=2.0/mk03/seed_102.json
mk03,max,2.5,experiments/prepared_instances/mk03/a=1-1.5/mk03/seed_9.json,experiments/prepared_instances/fixed_due_15datasets/mk03/due=max_a=2.5/mk03/seed_102.json
mk03,max,3.0,experiments/prepared_instances/mk03/a=1-1.5/mk03/seed_9.json,experiments/prepared_instances/fixed_due_15datasets/mk03/due=max_a=3.0/mk03/seed_102.json
mk03,min,1.5,experiments/prepared_instances/mk03/a=1-1.5/mk03/seed_9.json,experiments/prepared_instances/fixed_due_15datasets/mk03/due=min_a=1.5/mk03/seed_102.json
mk03,min,2.0,experiments/prepared_instances/mk03/a=1-1.5/mk03/seed_9.json,experiments/prepared_instances/fixed_due_15datasets/mk03/due=min_a=2.0/mk03/seed_102.json
mk03,min,2.5,experiments/prepared_instances/mk03/a=1-1.5/mk03/seed_9.json,experiments/prepared_instances/fixed_due_15datasets/mk03/due=min_a=2.5/mk03/seed_102.json
mk03,min,3.0,experiments/prepared_instances/mk03/a=1-1.5/mk03/seed_9.json,experiments/prepared_instances/fixed_due_15datasets/mk03/due=min_a=3.0/mk03/seed_102.json
mk03,avg,1.5,experiments/prepared_instances/mk03/a=1-1.5/mk03/seed_9.json,experiments/prepared_instances/fixed_due_15datasets/mk03/due=avg_a=1.5/mk03/seed_102.json
mk03,avg,2.0,experiments/prepared_instances/mk03/a=1-1.5/mk03/seed_9.json,experiments/prepared_instances/fixed_due_15datasets/mk03/due=avg_a=2.0/mk03/seed_102.json
mk03,avg,2.5,experiments/prepared_instances/mk03/a=1-1.5/mk03/seed_9.json,experiments/prepared_instances/fixed_due_15datasets/mk03/due=avg_a=2.5/mk03/seed_102.json
mk03,avg,3.0,experiments/prepared_instances/mk03/a=1-1.5/mk03/seed_9.json,experiments/prepared_instances/fixed_due_15datasets/mk03/due=avg_a=3.0/mk03/seed_102.json
mk04,max,1.5,experiments/prepared_instances/mk04/a=1.7-2.2/mk04/seed_7.json,experiments/prepared_instances/fixed_due_15datasets/mk04/due=max_a=1.5/mk04/seed_102.json
mk04,max,2.0,experiments/prepared_instances/mk04/a=1.7-2.2/mk04/seed_7.json,experiments/prepared_instances/fixed_due_15datasets/mk04/due=max_a=2.0/mk04/seed_102.json
mk04,max,2.5,experiments/prepared_instances/mk04/a=1.7-2.2/mk04/seed_7.json,experiments/prepared_instances/fixed_due_15datasets/mk04/due=max_a=2.5/mk04/seed_102.json
mk04,max,3.0,experiments/prepared_instances/mk04/a=1.7-2.2/mk04/seed_7.json,experiments/prepared_instances/fixed_due_15datasets/mk04/due=max_a=3.0/mk04/seed_102.json
mk04,min,1.5,experiments/prepared_instances/mk04/a=1.7-2.2/mk04/seed_7.json,experiments/prepared_instances/fixed_due_15datasets/mk04/due=min_a=1.5/mk04/seed_102.json
mk04,min,2.0,experiments/prepared_instances/mk04/a=1.7-2.2/mk04/seed_7.json,experiments/prepared_instances/fixed_due_15datasets/mk04/due=min_a=2.0/mk04/seed_102.json
mk04,min,2.5,experiments/prepared_instances/mk04/a=1.7-2.2/mk04/seed_7.json,experiments/prepared_instances/fixed_due_15datasets/mk04/due=min_a=2.5/mk04/seed_102.json
mk04,min,3.0,experiments/prepared_instances/mk04/a=1.7-2.2/mk04/seed_7.json,experiments/prepared_instances/fixed_due_15datasets/mk04/due=min_a=3.0/mk04/seed_102.json
mk04,avg,1.5,experiments/prepared_instances/mk04/a=1.7-2.2/mk04/seed_7.json,experiments/prepared_instances/fixed_due_15datasets/mk04/due=avg_a=1.5/mk04/seed_102.json
mk04,avg,2.0,experiments/prepared_instances/mk04/a=1.7-2.2/mk04/seed_7.json,experiments/prepared_instances/fixed_due_15datasets/mk04/due=avg_a=2.0/mk04/seed_102.json
mk04,avg,2.5,experiments/prepared_instances/mk04/a=1.7-2.2/mk04/seed_7.json,experiments/prepared_instances/fixed_due_15datasets/mk04/due=avg_a=2.5/mk04/seed_102.json
mk04,avg,3.0,experiments/prepared_instances/mk04/a=1.7-2.2/mk04/seed_7.json,experiments/prepared_instances/fixed_due_15datasets/mk04/due=avg_a=3.0/mk04/seed_102.json
mk05,max,1.5,experiments/prepared_instances/mk05/a=0.5-1/mk05/seed_1.json,experiments/prepared_instances/fixed_due_15datasets/mk05/due=max_a=1.5/mk05/seed_102.json
mk05,max,2.0,experiments/prepared_instances/mk05/a=0.5-1/mk05/seed_1.json,experiments/prepared_instances/fixed_due_15datasets/mk05/due=max_a=2.0/mk05/seed_102.json
mk05,max,2.5,experiments/prepared_instances/mk05/a=0.5-1/mk05/seed_1.json,experiments/prepared_instances/fixed_due_15datasets/mk05/due=max_a=2.5/mk05/seed_102.json
mk05,max,3.0,experiments/prepared_instances/mk05/a=0.5-1/mk05/seed_1.json,experiments/prepared_instances/fixed_due_15datasets/mk05/due=max_a=3.0/mk05/seed_102.json
mk05,min,1.5,experiments/prepared_instances/mk05/a=0.5-1/mk05/seed_1.json,experiments/prepared_instances/fixed_due_15datasets/mk05/due=min_a=1.5/mk05/seed_102.json
mk05,min,2.0,experiments/prepared_instances/mk05/a=0.5-1/mk05/seed_1.json,experiments/prepared_instances/fixed_due_15datasets/mk05/due=min_a=2.0/mk05/seed_102.json
mk05,min,2.5,experiments/prepared_instances/mk05/a=0.5-1/mk05/seed_1.json,experiments/prepared_instances/fixed_due_15datasets/mk05/due=min_a=2.5/mk05/seed_102.json
mk05,min,3.0,experiments/prepared_instances/mk05/a=0.5-1/mk05/seed_1.json,experiments/prepared_instances/fixed_due_15datasets/mk05/due=min_a=3.0/mk05/seed_102.json
mk05,avg,1.5,experiments/prepared_instances/mk05/a=0.5-1/mk05/seed_1.json,experiments/prepared_instances/fixed_due_15datasets/mk05/due=avg_a=1.5/mk05/seed_102.json
mk05,avg,2.0,experiments/prepared_instances/mk05/a=0.5-1/mk05/seed_1.json,experiments/prepared_instances/fixed_due_15datasets/mk05/due=avg_a=2.0/mk05/seed_102.json
mk05,avg,2.5,experiments/prepared_instances/mk05/a=0.5-1/mk05/seed_1.json,experiments/prepared_instances/fixed_due_15datasets/mk05/due=avg_a=2.5/mk05/seed_102.json
mk05,avg,3.0,experiments/prepared_instances/mk05/a=0.5-1/mk05/seed_1.json,experiments/prepared_instances/fixed_due_15datasets/mk05/due=avg_a=3.0/mk05/seed_102.json
mk06,max,1.5,experiments/prepared_instances/mk06/a=0.6-1.1/mk06/seed_106.json,experiments/prepared_instances/fixed_due_15datasets/mk06/due=max_a=1.5/mk06/seed_102.json
mk06,max,2.0,experiments/prepared_instances/mk06/a=0.6-1.1/mk06/seed_106.json,experiments/prepared_instances/fixed_due_15datasets/mk06/due=max_a=2.0/mk06/seed_102.json
mk06,max,2.5,experiments/prepared_instances/mk06/a=0.6-1.1/mk06/seed_106.json,experiments/prepared_instances/fixed_due_15datasets/mk06/due=max_a=2.5/mk06/seed_102.json
mk06,max,3.0,experiments/prepared_instances/mk06/a=0.6-1.1/mk06/seed_106.json,experiments/prepared_instances/fixed_due_15datasets/mk06/due=max_a=3.0/mk06/seed_102.json
mk06,min,1.5,experiments/prepared_instances/mk06/a=0.6-1.1/mk06/seed_106.json,experiments/prepared_instances/fixed_due_15datasets/mk06/due=min_a=1.5/mk06/seed_102.json
mk06,min,2.0,experiments/prepared_instances/mk06/a=0.6-1.1/mk06/seed_106.json,experiments/prepared_instances/fixed_due_15datasets/mk06/due=min_a=2.0/mk06/seed_102.json
mk06,min,2.5,experiments/prepared_instances/mk06/a=0.6-1.1/mk06/seed_106.json,experiments/prepared_instances/fixed_due_15datasets/mk06/due=min_a=2.5/mk06/seed_102.json
mk06,min,3.0,experiments/prepared_instances/mk06/a=0.6-1.1/mk06/seed_106.json,experiments/prepared_instances/fixed_due_15datasets/mk06/due=min_a=3.0/mk06/seed_102.json
mk06,avg,1.5,experiments/prepared_instances/mk06/a=0.6-1.1/mk06/seed_106.json,experiments/prepared_instances/fixed_due_15datasets/mk06/due=avg_a=1.5/mk06/seed_102.json
mk06,avg,2.0,experiments/prepared_instances/mk06/a=0.6-1.1/mk06/seed_106.json,experiments/prepared_instances/fixed_due_15datasets/mk06/due=avg_a=2.0/mk06/seed_102.json
mk06,avg,2.5,experiments/prepared_instances/mk06/a=0.6-1.1/mk06/seed_106.json,experiments/prepared_instances/fixed_due_15datasets/mk06/due=avg_a=2.5/mk06/seed_102.json
mk06,avg,3.0,experiments/prepared_instances/mk06/a=0.6-1.1/mk06/seed_106.json,experiments/prepared_instances/fixed_due_15datasets/mk06/due=avg_a=3.0/mk06/seed_102.json
mk07,max,1.5,experiments/prepared_instances/mk07/a=1.9-2.4/mk07/seed_101.json,experiments/prepared_instances/fixed_due_15datasets/mk07/due=max_a=1.5/mk07/seed_102.json
mk07,max,2.0,experiments/prepared_instances/mk07/a=1.9-2.4/mk07/seed_101.json,experiments/prepared_instances/fixed_due_15datasets/mk07/due=max_a=2.0/mk07/seed_102.json
mk07,max,2.5,experiments/prepared_instances/mk07/a=1.9-2.4/mk07/seed_101.json,experiments/prepared_instances/fixed_due_15datasets/mk07/due=max_a=2.5/mk07/seed_102.json
mk07,max,3.0,experiments/prepared_instances/mk07/a=1.9-2.4/mk07/seed_101.json,experiments/prepared_instances/fixed_due_15datasets/mk07/due=max_a=3.0/mk07/seed_102.json
mk07,min,1.5,experiments/prepared_instances/mk07/a=1.9-2.4/mk07/seed_101.json,experiments/prepared_instances/fixed_due_15datasets/mk07/due=min_a=1.5/mk07/seed_102.json
mk07,min,2.0,experiments/prepared_instances/mk07/a=1.9-2.4/mk07/seed_101.json,experiments/prepared_instances/fixed_due_15datasets/mk07/due=min_a=2.0/mk07/seed_102.json
mk07,min,2.5,experiments/prepared_instances/mk07/a=1.9-2.4/mk07/seed_101.json,experiments/prepared_instances/fixed_due_15datasets/mk07/due=min_a=2.5/mk07/seed_102.json
mk07,min,3.0,experiments/prepared_instances/mk07/a=1.9-2.4/mk07/seed_101.json,experiments/prepared_instances/fixed_due_15datasets/mk07/due=min_a=3.0/mk07/seed_102.json
mk07,avg,1.5,experiments/prepared_instances/mk07/a=1.9-2.4/mk07/seed_101.json,experiments/prepared_instances/fixed_due_15datasets/mk07/due=avg_a=1.5/mk07/seed_102.json
mk07,avg,2.0,experiments/prepared_instances/mk07/a=1.9-2.4/mk07/seed_101.json,experiments/prepared_instances/fixed_due_15datasets/mk07/due=avg_a=2.0/mk07/seed_102.json
mk07,avg,2.5,experiments/prepared_instances/mk07/a=1.9-2.4/mk07/seed_101.json,experiments/prepared_instances/fixed_due_15datasets/mk07/due=avg_a=2.5/mk07/seed_102.json
mk07,avg,3.0,experiments/prepared_instances/mk07/a=1.9-2.4/mk07/seed_101.json,experiments/prepared_instances/fixed_due_15datasets/mk07/due=avg_a=3.0/mk07/seed_102.json
mk08,max,1.5,experiments/prepared_instances/mk08/a=2.5-3/mk08/seed_104.json,experiments/prepared_instances/fixed_due_15datasets/mk08/due=max_a=1.5/mk08/seed_102.json
mk08,max,2.0,experiments/prepared_instances/mk08/a=2.5-3/mk08/seed_104.json,experiments/prepared_instances/fixed_due_15datasets/mk08/due=max_a=2.0/mk08/seed_102.json
mk08,max,2.5,experiments/prepared_instances/mk08/a=2.5-3/mk08/seed_104.json,experiments/prepared_instances/fixed_due_15datasets/mk08/due=max_a=2.5/mk08/seed_102.json
mk08,max,3.0,experiments/prepared_instances/mk08/a=2.5-3/mk08/seed_104.json,experiments/prepared_instances/fixed_due_15datasets/mk08/due=max_a=3.0/mk08/seed_102.json
mk08,min,1.5,experiments/prepared_instances/mk08/a=2.5-3/mk08/seed_104.json,experiments/prepared_instances/fixed_due_15datasets/mk08/due=min_a=1.5/mk08/seed_102.json
mk08,min,2.0,experiments/prepared_instances/mk08/a=2.5-3/mk08/seed_104.json,experiments/prepared_instances/fixed_due_15datasets/mk08/due=min_a=2.0/mk08/seed_102.json
mk08,min,2.5,experiments/prepared_instances/mk08/a=2.5-3/mk08/seed_104.json,experiments/prepared_instances/fixed_due_15datasets/mk08/due=min_a=2.5/mk08/seed_102.json
mk08,min,3.0,experiments/prepared_instances/mk08/a=2.5-3/mk08/seed_104.json,experiments/prepared_instances/fixed_due_15datasets/mk08/due=min_a=3.0/mk08/seed_102.json
mk08,avg,1.5,experiments/prepared_instances/mk08/a=2.5-3/mk08/seed_104.json,experiments/prepared_instances/fixed_due_15datasets/mk08/due=avg_a=1.5/mk08/seed_102.json
mk08,avg,2.0,experiments/prepared_instances/mk08/a=2.5-3/mk08/seed_104.json,experiments/prepared_instances/fixed_due_15datasets/mk08/due=avg_a=2.0/mk08/seed_102.json
mk08,avg,2.5,experiments/prepared_instances/mk08/a=2.5-3/mk08/seed_104.json,experiments/prepared_instances/fixed_due_15datasets/mk08/due=avg_a=2.5/mk08/seed_102.json
mk08,avg,3.0,experiments/prepared_instances/mk08/a=2.5-3/mk08/seed_104.json,experiments/prepared_instances/fixed_due_15datasets/mk08/due=avg_a=3.0/mk08/seed_102.json
mk09,max,1.5,experiments/prepared_instances/mk09/a=1.8-2.3/mk09/seed_101.json,experiments/prepared_instances/fixed_due_15datasets/mk09/due=max_a=1.5/mk09/seed_102.json
mk09,max,2.0,experiments/prepared_instances/mk09/a=1.8-2.3/mk09/seed_101.json,experiments/prepared_instances/fixed_due_15datasets/mk09/due=max_a=2.0/mk09/seed_102.json
mk09,max,2.5,experiments/prepared_instances/mk09/a=1.8-2.3/mk09/seed_101.json,experiments/prepared_instances/fixed_due_15datasets/mk09/due=max_a=2.5/mk09/seed_102.json
mk09,max,3.0,experiments/prepared_instances/mk09/a=1.8-2.3/mk09/seed_101.json,experiments/prepared_instances/fixed_due_15datasets/mk09/due=max_a=3.0/mk09/seed_102.json
mk09,min,1.5,experiments/prepared_instances/mk09/a=1.8-2.3/mk09/seed_101.json,experiments/prepared_instances/fixed_due_15datasets/mk09/due=min_a=1.5/mk09/seed_102.json
mk09,min,2.0,experiments/prepared_instances/mk09/a=1.8-2.3/mk09/seed_101.json,experiments/prepared_instances/fixed_due_15datasets/mk09/due=min_a=2.0/mk09/seed_102.json
mk09,min,2.5,experiments/prepared_instances/mk09/a=1.8-2.3/mk09/seed_101.json,experiments/prepared_instances/fixed_due_15datasets/mk09/due=min_a=2.5/mk09/seed_102.json
mk09,min,3.0,experiments/prepared_instances/mk09/a=1.8-2.3/mk09/seed_101.json,experiments/prepared_instances/fixed_due_15datasets/mk09/due=min_a=3.0/mk09/seed_102.json
mk09,avg,1.5,experiments/prepared_instances/mk09/a=1.8-2.3/mk09/seed_101.json,experiments/prepared_instances/fixed_due_15datasets/mk09/due=avg_a=1.5/mk09/seed_102.json
mk09,avg,2.0,experiments/prepared_instances/mk09/a=1.8-2.3/mk09/seed_101.json,experiments/prepared_instances/fixed_due_15datasets/mk09/due=avg_a=2.0/mk09/seed_102.json
mk09,avg,2.5,experiments/prepared_instances/mk09/a=1.8-2.3/mk09/seed_101.json,experiments/prepared_instances/fixed_due_15datasets/mk09/due=avg_a=2.5/mk09/seed_102.json
mk09,avg,3.0,experiments/prepared_instances/mk09/a=1.8-2.3/mk09/seed_101.json,experiments/prepared_instances/fixed_due_15datasets/mk09/due=avg_a=3.0/mk09/seed_102.json
mk10,max,1.5,experiments/prepared_instances/mk10/a=1.3-1.8/mk10/seed_102.json,experiments/prepared_instances/fixed_due_15datasets/mk10/due=max_a=1.5/mk10/seed_102.json
mk10,max,2.0,experiments/prepared_instances/mk10/a=1.3-1.8/mk10/seed_102.json,experiments/prepared_instances/fixed_due_15datasets/mk10/due=max_a=2.0/mk10/seed_102.json
mk10,max,2.5,experiments/prepared_instances/mk10/a=1.3-1.8/mk10/seed_102.json,experiments/prepared_instances/fixed_due_15datasets/mk10/due=max_a=2.5/mk10/seed_102.json
mk10,max,3.0,experiments/prepared_instances/mk10/a=1.3-1.8/mk10/seed_102.json,experiments/prepared_instances/fixed_due_15datasets/mk10/due=max_a=3.0/mk10/seed_102.json
mk10,min,1.5,experiments/prepared_instances/mk10/a=1.3-1.8/mk10/seed_102.json,experiments/prepared_instances/fixed_due_15datasets/mk10/due=min_a=1.5/mk10/seed_102.json
mk10,min,2.0,experiments/prepared_instances/mk10/a=1.3-1.8/mk10/seed_102.json,experiments/prepared_instances/fixed_due_15datasets/mk10/due=min_a=2.0/mk10/seed_102.json
mk10,min,2.5,experiments/prepared_instances/mk10/a=1.3-1.8/mk10/seed_102.json,experiments/prepared_instances/fixed_due_15datasets/mk10/due=min_a=2.5/mk10/seed_102.json
mk10,min,3.0,experiments/prepared_instances/mk10/a=1.3-1.8/mk10/seed_102.json,experiments/prepared_instances/fixed_due_15datasets/mk10/due=min_a=3.0/mk10/seed_102.json
mk10,avg,1.5,experiments/prepared_instances/mk10/a=1.3-1.8/mk10/seed_102.json,experiments/prepared_instances/fixed_due_15datasets/mk10/due=avg_a=1.5/mk10/seed_102.json
mk10,avg,2.0,experiments/prepared_instances/mk10/a=1.3-1.8/mk10/seed_102.json,experiments/prepared_instances/fixed_due_15datasets/mk10/due=avg_a=2.0/mk10/seed_102.json
mk10,avg,2.5,experiments/prepared_instances/mk10/a=1.3-1.8/mk10/seed_102.json,experiments/prepared_instances/fixed_due_15datasets/mk10/due=avg_a=2.5/mk10/seed_102.json
mk10,avg,3.0,experiments/prepared_instances/mk10/a=1.3-1.8/mk10/seed_102.json,experiments/prepared_instances/fixed_due_15datasets/mk10/due=avg_a=3.0/mk10/seed_102.json
e_la01,max,1.5,experiments/prepared_instances/public20_combined_templates/e_la01/seed_102.json,experiments/prepared_instances/fixed_due_15datasets/e_la01/due=max_a=1.5/e_la01/seed_102.json
e_la01,max,2.0,experiments/prepared_instances/public20_combined_templates/e_la01/seed_102.json,experiments/prepared_instances/fixed_due_15datasets/e_la01/due=max_a=2.0/e_la01/seed_102.json
e_la01,max,2.5,experiments/prepared_instances/public20_combined_templates/e_la01/seed_102.json,experiments/prepared_instances/fixed_due_15datasets/e_la01/due=max_a=2.5/e_la01/seed_102.json
e_la01,max,3.0,experiments/prepared_instances/public20_combined_templates/e_la01/seed_102.json,experiments/prepared_instances/fixed_due_15datasets/e_la01/due=max_a=3.0/e_la01/seed_102.json
e_la01,min,1.5,experiments/prepared_instances/public20_combined_templates/e_la01/seed_102.json,experiments/prepared_instances/fixed_due_15datasets/e_la01/due=min_a=1.5/e_la01/seed_102.json
e_la01,min,2.0,experiments/prepared_instances/public20_combined_templates/e_la01/seed_102.json,experiments/prepared_instances/fixed_due_15datasets/e_la01/due=min_a=2.0/e_la01/seed_102.json
e_la01,min,2.5,experiments/prepared_instances/public20_combined_templates/e_la01/seed_102.json,experiments/prepared_instances/fixed_due_15datasets/e_la01/due=min_a=2.5/e_la01/seed_102.json
e_la01,min,3.0,experiments/prepared_instances/public20_combined_templates/e_la01/seed_102.json,experiments/prepared_instances/fixed_due_15datasets/e_la01/due=min_a=3.0/e_la01/seed_102.json
e_la01,avg,1.5,experiments/prepared_instances/public20_combined_templates/e_la01/seed_102.json,experiments/prepared_instances/fixed_due_15datasets/e_la01/due=avg_a=1.5/e_la01/seed_102.json
e_la01,avg,2.0,experiments/prepared_instances/public20_combined_templates/e_la01/seed_102.json,experiments/prepared_instances/fixed_due_15datasets/e_la01/due=avg_a=2.0/e_la01/seed_102.json
e_la01,avg,2.5,experiments/prepared_instances/public20_combined_templates/e_la01/seed_102.json,experiments/prepared_instances/fixed_due_15datasets/e_la01/due=avg_a=2.5/e_la01/seed_102.json
e_la01,avg,3.0,experiments/prepared_instances/public20_combined_templates/e_la01/seed_102.json,experiments/prepared_instances/fixed_due_15datasets/e_la01/due=avg_a=3.0/e_la01/seed_102.json
r_la01,max,1.5,experiments/prepared_instances/public20_combined_templates/r_la01/seed_102.json,experiments/prepared_instances/fixed_due_15datasets/r_la01/due=max_a=1.5/r_la01/seed_102.json
r_la01,max,2.0,experiments/prepared_instances/public20_combined_templates/r_la01/seed_102.json,experiments/prepared_instances/fixed_due_15datasets/r_la01/due=max_a=2.0/r_la01/seed_102.json
r_la01,max,2.5,experiments/prepared_instances/public20_combined_templates/r_la01/seed_102.json,experiments/prepared_instances/fixed_due_15datasets/r_la01/due=max_a=2.5/r_la01/seed_102.json
r_la01,max,3.0,experiments/prepared_instances/public20_combined_templates/r_la01/seed_102.json,experiments/prepared_instances/fixed_due_15datasets/r_la01/due=max_a=3.0/r_la01/seed_102.json
r_la01,min,1.5,experiments/prepared_instances/public20_combined_templates/r_la01/seed_102.json,experiments/prepared_instances/fixed_due_15datasets/r_la01/due=min_a=1.5/r_la01/seed_102.json
r_la01,min,2.0,experiments/prepared_instances/public20_combined_templates/r_la01/seed_102.json,experiments/prepared_instances/fixed_due_15datasets/r_la01/due=min_a=2.0/r_la01/seed_102.json
r_la01,min,2.5,experiments/prepared_instances/public20_combined_templates/r_la01/seed_102.json,experiments/prepared_instances/fixed_due_15datasets/r_la01/due=min_a=2.5/r_la01/seed_102.json
r_la01,min,3.0,experiments/prepared_instances/public20_combined_templates/r_la01/seed_102.json,experiments/prepared_instances/fixed_due_15datasets/r_la01/due=min_a=3.0/r_la01/seed_102.json
r_la01,avg,1.5,experiments/prepared_instances/public20_combined_templates/r_la01/seed_102.json,experiments/prepared_instances/fixed_due_15datasets/r_la01/due=avg_a=1.5/r_la01/seed_102.json
r_la01,avg,2.0,experiments/prepared_instances/public20_combined_templates/r_la01/seed_102.json,experiments/prepared_instances/fixed_due_15datasets/r_la01/due=avg_a=2.0/r_la01/seed_102.json
r_la01,avg,2.5,experiments/prepared_instances/public20_combined_templates/r_la01/seed_102.json,experiments/prepared_instances/fixed_due_15datasets/r_la01/due=avg_a=2.5/r_la01/seed_102.json
r_la01,avg,3.0,experiments/prepared_instances/public20_combined_templates/r_la01/seed_102.json,experiments/prepared_instances/fixed_due_15datasets/r_la01/due=avg_a=3.0/r_la01/seed_102.json
v_la01,max,1.5,experiments/prepared_instances/public20_combined_templates/v_la01/seed_102.json,experiments/prepared_instances/fixed_due_15datasets/v_la01/due=max_a=1.5/v_la01/seed_102.json
v_la01,max,2.0,experiments/prepared_instances/public20_combined_templates/v_la01/seed_102.json,experiments/prepared_instances/fixed_due_15datasets/v_la01/due=max_a=2.0/v_la01/seed_102.json
v_la01,max,2.5,experiments/prepared_instances/public20_combined_templates/v_la01/seed_102.json,experiments/prepared_instances/fixed_due_15datasets/v_la01/due=max_a=2.5/v_la01/seed_102.json
v_la01,max,3.0,experiments/prepared_instances/public20_combined_templates/v_la01/seed_102.json,experiments/prepared_instances/fixed_due_15datasets/v_la01/due=max_a=3.0/v_la01/seed_102.json
v_la01,min,1.5,experiments/prepared_instances/public20_combined_templates/v_la01/seed_102.json,experiments/prepared_instances/fixed_due_15datasets/v_la01/due=min_a=1.5/v_la01/seed_102.json
v_la01,min,2.0,experiments/prepared_instances/public20_combined_templates/v_la01/seed_102.json,experiments/prepared_instances/fixed_due_15datasets/v_la01/due=min_a=2.0/v_la01/seed_102.json
v_la01,min,2.5,experiments/prepared_instances/public20_combined_templates/v_la01/seed_102.json,experiments/prepared_instances/fixed_due_15datasets/v_la01/due=min_a=2.5/v_la01/seed_102.json
v_la01,min,3.0,experiments/prepared_instances/public20_combined_templates/v_la01/seed_102.json,experiments/prepared_instances/fixed_due_15datasets/v_la01/due=min_a=3.0/v_la01/seed_102.json
v_la01,avg,1.5,experiments/prepared_instances/public20_combined_templates/v_la01/seed_102.json,experiments/prepared_instances/fixed_due_15datasets/v_la01/due=avg_a=1.5/v_la01/seed_102.json
v_la01,avg,2.0,experiments/prepared_instances/public20_combined_templates/v_la01/seed_102.json,experiments/prepared_instances/fixed_due_15datasets/v_la01/due=avg_a=2.0/v_la01/seed_102.json
v_la01,avg,2.5,experiments/prepared_instances/public20_combined_templates/v_la01/seed_102.json,experiments/prepared_instances/fixed_due_15datasets/v_la01/due=avg_a=2.5/v_la01/seed_102.json
v_la01,avg,3.0,experiments/prepared_instances/public20_combined_templates/v_la01/seed_102.json,experiments/prepared_instances/fixed_due_15datasets/v_la01/due=avg_a=3.0/v_la01/seed_102.json
r_la25,max,1.5,experiments/prepared_instances/public20_combined_templates/r_la25/seed_102.json,experiments/prepared_instances/fixed_due_15datasets/r_la25/due=max_a=1.5/r_la25/seed_102.json
r_la25,max,2.0,experiments/prepared_instances/public20_combined_templates/r_la25/seed_102.json,experiments/prepared_instances/fixed_due_15datasets/r_la25/due=max_a=2.0/r_la25/seed_102.json
r_la25,max,2.5,experiments/prepared_instances/public20_combined_templates/r_la25/seed_102.json,experiments/prepared_instances/fixed_due_15datasets/r_la25/due=max_a=2.5/r_la25/seed_102.json
r_la25,max,3.0,experiments/prepared_instances/public20_combined_templates/r_la25/seed_102.json,experiments/prepared_instances/fixed_due_15datasets/r_la25/due=max_a=3.0/r_la25/seed_102.json
r_la25,min,1.5,experiments/prepared_instances/public20_combined_templates/r_la25/seed_102.json,experiments/prepared_instances/fixed_due_15datasets/r_la25/due=min_a=1.5/r_la25/seed_102.json
r_la25,min,2.0,experiments/prepared_instances/public20_combined_templates/r_la25/seed_102.json,experiments/prepared_instances/fixed_due_15datasets/r_la25/due=min_a=2.0/r_la25/seed_102.json
r_la25,min,2.5,experiments/prepared_instances/public20_combined_templates/r_la25/seed_102.json,experiments/prepared_instances/fixed_due_15datasets/r_la25/due=min_a=2.5/r_la25/seed_102.json
r_la25,min,3.0,experiments/prepared_instances/public20_combined_templates/r_la25/seed_102.json,experiments/prepared_instances/fixed_due_15datasets/r_la25/due=min_a=3.0/r_la25/seed_102.json
r_la25,avg,1.5,experiments/prepared_instances/public20_combined_templates/r_la25/seed_102.json,experiments/prepared_instances/fixed_due_15datasets/r_la25/due=avg_a=1.5/r_la25/seed_102.json
r_la25,avg,2.0,experiments/prepared_instances/public20_combined_templates/r_la25/seed_102.json,experiments/prepared_instances/fixed_due_15datasets/r_la25/due=avg_a=2.0/r_la25/seed_102.json
r_la25,avg,2.5,experiments/prepared_instances/public20_combined_templates/r_la25/seed_102.json,experiments/prepared_instances/fixed_due_15datasets/r_la25/due=avg_a=2.5/r_la25/seed_102.json
r_la25,avg,3.0,experiments/prepared_instances/public20_combined_templates/r_la25/seed_102.json,experiments/prepared_instances/fixed_due_15datasets/r_la25/due=avg_a=3.0/r_la25/seed_102.json
v_la25,max,1.5,experiments/prepared_instances/public20_combined_templates/v_la25/seed_102.json,experiments/prepared_instances/fixed_due_15datasets/v_la25/due=max_a=1.5/v_la25/seed_102.json
v_la25,max,2.0,experiments/prepared_instances/public20_combined_templates/v_la25/seed_102.json,experiments/prepared_instances/fixed_due_15datasets/v_la25/due=max_a=2.0/v_la25/seed_102.json
v_la25,max,2.5,experiments/prepared_instances/public20_combined_templates/v_la25/seed_102.json,experiments/prepared_instances/fixed_due_15datasets/v_la25/due=max_a=2.5/v_la25/seed_102.json
v_la25,max,3.0,experiments/prepared_instances/public20_combined_templates/v_la25/seed_102.json,experiments/prepared_instances/fixed_due_15datasets/v_la25/due=max_a=3.0/v_la25/seed_102.json
v_la25,min,1.5,experiments/prepared_instances/public20_combined_templates/v_la25/seed_102.json,experiments/prepared_instances/fixed_due_15datasets/v_la25/due=min_a=1.5/v_la25/seed_102.json
v_la25,min,2.0,experiments/prepared_instances/public20_combined_templates/v_la25/seed_102.json,experiments/prepared_instances/fixed_due_15datasets/v_la25/due=min_a=2.0/v_la25/seed_102.json
v_la25,min,2.5,experiments/prepared_instances/public20_combined_templates/v_la25/seed_102.json,experiments/prepared_instances/fixed_due_15datasets/v_la25/due=min_a=2.5/v_la25/seed_102.json
v_la25,min,3.0,experiments/prepared_instances/public20_combined_templates/v_la25/seed_102.json,experiments/prepared_instances/fixed_due_15datasets/v_la25/due=min_a=3.0/v_la25/seed_102.json
v_la25,avg,1.5,experiments/prepared_instances/public20_combined_templates/v_la25/seed_102.json,experiments/prepared_instances/fixed_due_15datasets/v_la25/due=avg_a=1.5/v_la25/seed_102.json
v_la25,avg,2.0,experiments/prepared_instances/public20_combined_templates/v_la25/seed_102.json,experiments/prepared_instances/fixed_due_15datasets/v_la25/due=avg_a=2.0/v_la25/seed_102.json
v_la25,avg,2.5,experiments/prepared_instances/public20_combined_templates/v_la25/seed_102.json,experiments/prepared_instances/fixed_due_15datasets/v_la25/due=avg_a=2.5/v_la25/seed_102.json
v_la25,avg,3.0,experiments/prepared_instances/public20_combined_templates/v_la25/seed_102.json,experiments/prepared_instances/fixed_due_15datasets/v_la25/due=avg_a=3.0/v_la25/seed_102.json
